Ghee,Sweet,Butter,Yougurt,,,,,,
Butter,Bread,Cheese,Panner,Yougurt,Coffee Powder,Milk,,,
Bread,Yougurt,Lassi,Sugar,Cheese,Panner,,,,
Sugar,Sweet,Lassi,Panner,Milk,Bread,Ghee,,,
Butter,Ghee,Sugar,,,,,,,
Bread,Sugar,Cheese,Yougurt,Coffee Powder,Milk,Tea Powder,,,
Bread,Lassi,Sugar,,,,,,,
Sugar,Ghee,Sweet,Butter,Tea Powder,Coffee Powder,Yougurt,Bread,,
Panner,Ghee,Cheese,Lassi,Sugar,Sweet,,,,
Butter,Panner,Sugar,Yougurt,Coffee Powder,Lassi,Milk,,,
Panner,Bread,,,,,,,,
Lassi,Bread,Cheese,Sweet,Ghee,,,,,
Bread,Lassi,Milk,Tea Powder,Butter,,,,,
Butter,Yougurt,Ghee,Lassi,Cheese,Panner,Milk,Sugar,,
Ghee,Lassi,Yougurt,Milk,Butter,,,,,
Ghee,Butter,Sugar,,,,,,,
Ghee,Bread,Yougurt,Tea Powder,Coffee Powder,,,,,
Lassi,Butter,Yougurt,Sweet,Cheese,,,,,
Panner,Tea Powder,,,,,,,,
Yougurt,Bread,Milk,Lassi,Ghee,Coffee Powder,Tea Powder,Panner,Sugar,
Butter,Sweet,,,,,,,,
Bread,Lassi,Sweet,Ghee,Yougurt,Sugar,Coffee Powder,,,
Tea Powder,Coffee Powder,Sweet,Sugar,,,,,,
Sugar,Butter,Milk,Sweet,Cheese,Ghee,Panner,,,
Bread,Tea Powder,Coffee Powder,Milk,Lassi,Sweet,Panner,,,
Milk,Sugar,Bread,,,,,,,
Cheese,Sugar,Lassi,Bread,Coffee Powder,Yougurt,,,,
Tea Powder,Butter,Sweet,Sugar,,,,,,
Cheese,Yougurt,Sweet,Tea Powder,,,,,,
Tea Powder,Cheese,Bread,Lassi,Yougurt,,,,,
Yougurt,Sweet,Sugar,Tea Powder,Milk,Coffee Powder,Cheese,,,
Sugar,Coffee Powder,,,,,,,,
Butter,Bread,Coffee Powder,Sweet,Milk,Panner,,,,
Yougurt,Coffee Powder,Sweet,Tea Powder,Lassi,Sugar,,,,
Cheese,Tea Powder,Panner,Bread,Sweet,Butter,Coffee Powder,,,
Cheese,Sweet,Sugar,Tea Powder,Yougurt,Lassi,,,,
Butter,Bread,,,,,,,,
Lassi,Panner,Cheese,Ghee,Coffee Powder,Butter,Sweet,,,
Butter,Milk,Lassi,Sweet,Bread,Panner,Yougurt,,,
Tea Powder,Ghee,Bread,Sugar,Sweet,Milk,,,,
Sweet,Panner,Tea Powder,Bread,Sugar,,,,,
Butter,Lassi,,,,,,,,
Milk,Sugar,Lassi,,,,,,,
Yougurt,Butter,Sweet,Coffee Powder,Milk,Lassi,Ghee,,,
Cheese,Sweet,Butter,Panner,Coffee Powder,Bread,Lassi,Yougurt,,
Cheese,Lassi,Bread,Yougurt,,,,,,
Butter,Tea Powder,Coffee Powder,,,,,,,
Panner,Ghee,Coffee Powder,Bread,Milk,Sweet,Butter,,,
Ghee,Bread,Sweet,Tea Powder,Butter,Lassi,,,,
Tea Powder,Sugar,Ghee,Butter,Yougurt,Bread,,,,
Tea Powder,Milk,Sweet,Lassi,Panner,Sugar,,,,
Tea Powder,Coffee Powder,Sugar,Cheese,Butter,Panner,Sweet,,,
Yougurt,Bread,Tea Powder,Sugar,Coffee Powder,Butter,,,,
Sweet,Panner,Butter,Yougurt,Cheese,Sugar,Bread,,,
Tea Powder,Milk,,,,,,,,
Ghee,Panner,Milk,Bread,,,,,,
Sugar,Yougurt,,,,,,,,
Cheese,Bread,Sweet,Lassi,,,,,,
Tea Powder,Yougurt,Cheese,Coffee Powder,,,,,,
Cheese,Sugar,Lassi,Sweet,Ghee,Coffee Powder,,,,
Coffee Powder,Milk,Lassi,Panner,Yougurt,Ghee,,,,
Bread,Ghee,Panner,Lassi,Yougurt,Cheese,Sweet,,,
Cheese,Sweet,Lassi,Ghee,Butter,Milk,Panner,Yougurt,Coffee Powder,
Cheese,Butter,Sugar,Sweet,Yougurt,Coffee Powder,Panner,,,
Yougurt,Ghee,Cheese,Coffee Powder,,,,,,
Butter,Lassi,Sweet,Panner,Cheese,,,,,
Yougurt,Lassi,Cheese,Butter,Milk,Panner,Ghee,,,
Coffee Powder,Milk,Lassi,Panner,Butter,Tea Powder,Ghee,Bread,Cheese,
Sugar,Coffee Powder,Tea Powder,,,,,,,
Bread,Coffee Powder,Butter,Cheese,Tea Powder,Milk,Panner,Ghee,Sugar,
Lassi,Panner,,,,,,,,
Sweet,Tea Powder,Butter,Yougurt,Milk,Lassi,Panner,,,
Ghee,Tea Powder,Sweet,Yougurt,Lassi,Bread,Coffee Powder,,,
Sugar,Coffee Powder,,,,,,,,
Ghee,Butter,Yougurt,Lassi,Bread,Tea Powder,,,,
Yougurt,Sugar,Ghee,Lassi,Milk,Butter,,,,
Milk,Coffee Powder,Lassi,Butter,Bread,,,,,
Milk,Lassi,Sweet,Coffee Powder,Tea Powder,Ghee,Bread,Yougurt,,
Cheese,Sugar,Milk,Butter,Sweet,Coffee Powder,Yougurt,Lassi,,
Ghee,Yougurt,Coffee Powder,Lassi,Bread,,,,,
Sugar,Tea Powder,Bread,,,,,,,
Panner,Ghee,,,,,,,,
Bread,Tea Powder,Sweet,Milk,,,,,,
Coffee Powder,Lassi,Butter,Yougurt,Sweet,Milk,,,,
Tea Powder,Ghee,Sugar,Butter,Lassi,,,,,
Butter,Yougurt,Sweet,Sugar,Tea Powder,Bread,Lassi,,,
Sugar,Sweet,Yougurt,,,,,,,
Panner,Butter,Milk,Coffee Powder,Ghee,Tea Powder,,,,
Butter,Milk,Sweet,Ghee,Sugar,,,,,
Bread,Cheese,Sweet,Ghee,Sugar,Milk,,,,
Sweet,Lassi,Yougurt,Milk,Sugar,Ghee,,,,
Coffee Powder,Panner,Lassi,Ghee,Bread,,,,,
Sweet,Yougurt,Bread,Sugar,Lassi,,,,,
Butter,Coffee Powder,Ghee,Sweet,Lassi,Cheese,,,,
Coffee Powder,Sweet,Cheese,Ghee,Butter,Sugar,,,,
Sweet,Bread,,,,,,,,
Coffee Powder,Sugar,Ghee,Cheese,Sweet,Yougurt,Butter,,,
Cheese,Ghee,Tea Powder,Sweet,Butter,Lassi,Panner,,,
Sweet,Lassi,Yougurt,Bread,Panner,,,,,
Sweet,Milk,,,,,,,,
Milk,Butter,Coffee Powder,,,,,,,
Butter,Yougurt,Ghee,Sugar,Cheese,,,,,
Sugar,Bread,,,,,,,,
Coffee Powder,Lassi,Butter,Yougurt,Panner,Cheese,Milk,Bread,,
Milk,Sugar,Coffee Powder,Butter,Bread,Ghee,,,,
Coffee Powder,Panner,Butter,Ghee,,,,,,
Milk,Bread,Sugar,Panner,Ghee,Yougurt,Tea Powder,Butter,Coffee Powder,
Panner,Sugar,Lassi,Tea Powder,,,,,,
Butter,Coffee Powder,Cheese,Ghee,Tea Powder,Yougurt,,,,
Panner,Ghee,,,,,,,,
Ghee,Sweet,Sugar,Bread,,,,,,
Panner,Yougurt,Bread,Sugar,Butter,Ghee,Cheese,,,
Lassi,Tea Powder,Milk,,,,,,,
Sugar,Cheese,Milk,Lassi,Panner,,,,,
Ghee,Butter,Yougurt,Bread,Sugar,Cheese,Coffee Powder,Panner,,
Butter,Cheese,Sweet,Yougurt,Ghee,Panner,Lassi,Sugar,,
Bread,Sugar,Ghee,,,,,,,
Bread,Ghee,Coffee Powder,Yougurt,,,,,,
Cheese,Milk,,,,,,,,
Coffee Powder,Lassi,Tea Powder,Cheese,,,,,,
Butter,Bread,Coffee Powder,,,,,,,
Bread,Butter,Coffee Powder,Yougurt,Panner,Sugar,Lassi,,,
Bread,Lassi,Cheese,Sugar,Butter,Milk,Sweet,,,
Ghee,Milk,Cheese,Tea Powder,Bread,Yougurt,Sweet,Butter,,
Lassi,Coffee Powder,Butter,,,,,,,
Ghee,Yougurt,Milk,Cheese,Bread,Butter,,,,
Panner,Cheese,Lassi,,,,,,,
Lassi,Butter,Ghee,Tea Powder,Sweet,Yougurt,Sugar,Cheese,Bread,Panner
Sweet,Ghee,Cheese,Yougurt,Sugar,,,,,
Coffee Powder,Sweet,Yougurt,Sugar,Bread,Tea Powder,,,,
Coffee Powder,Sugar,Yougurt,Milk,Tea Powder,Sweet,,,,
Bread,Cheese,Yougurt,Panner,,,,,,
Tea Powder,Coffee Powder,Lassi,Yougurt,Milk,,,,,
Bread,Butter,,,,,,,,
Milk,Ghee,Sweet,,,,,,,
Sugar,Milk,Sweet,Ghee,Panner,Butter,Yougurt,,,
Milk,Sugar,Sweet,Cheese,Bread,Tea Powder,Lassi,Butter,,
Bread,Yougurt,Milk,,,,,,,
Yougurt,Sugar,Butter,Tea Powder,Sweet,Milk,,,,
Milk,Tea Powder,Cheese,,,,,,,
Sugar,Tea Powder,Sweet,Ghee,,,,,,
Sugar,Cheese,Ghee,Butter,,,,,,
Lassi,Bread,Milk,,,,,,,
Tea Powder,Milk,Butter,Sweet,,,,,,
Tea Powder,Butter,Sugar,,,,,,,
Coffee Powder,Yougurt,Bread,Lassi,Milk,,,,,
Bread,Tea Powder,Panner,,,,,,,
Butter,Tea Powder,Coffee Powder,Yougurt,,,,,,
Milk,Yougurt,Coffee Powder,Butter,Sugar,,,,,
Sweet,Bread,Lassi,Yougurt,Tea Powder,Butter,Ghee,Panner,,
Sweet,Tea Powder,Milk,Yougurt,Butter,Coffee Powder,Cheese,,,
Cheese,Tea Powder,Sugar,,,,,,,
Lassi,Panner,Milk,Sweet,Butter,Ghee,Coffee Powder,Tea Powder,,
Bread,Yougurt,Tea Powder,Sugar,Cheese,,,,,
Bread,Tea Powder,,,,,,,,
Sugar,Panner,Sweet,Ghee,,,,,,
Coffee Powder,Tea Powder,Sweet,,,,,,,
Coffee Powder,Cheese,Sugar,Yougurt,Ghee,,,,,
Lassi,Yougurt,Tea Powder,Sweet,Milk,Butter,,,,
Butter,Panner,,,,,,,,
Sweet,Cheese,Ghee,Lassi,Milk,Coffee Powder,Panner,,,
Lassi,Tea Powder,Cheese,Bread,,,,,,
Panner,Butter,Milk,Sugar,Yougurt,,,,,
Panner,Butter,Cheese,Tea Powder,Bread,Ghee,Milk,Sugar,,
Cheese,Coffee Powder,Milk,Tea Powder,Yougurt,Bread,,,,
Coffee Powder,Ghee,Sugar,Sweet,Tea Powder,Yougurt,Panner,Lassi,,
Panner,Lassi,Tea Powder,Milk,Sugar,Butter,Yougurt,Coffee Powder,,
Sugar,Ghee,Milk,Yougurt,,,,,,
Sugar,Cheese,Milk,,,,,,,
Sweet,Tea Powder,Butter,Milk,,,,,,
Coffee Powder,Cheese,Yougurt,Tea Powder,,,,,,
Butter,Lassi,,,,,,,,
Sweet,Lassi,Bread,Coffee Powder,Ghee,Cheese,,,,
Milk,Yougurt,,,,,,,,
Coffee Powder,Cheese,Yougurt,Lassi,Sweet,Sugar,Ghee,Butter,,
Butter,Sweet,Coffee Powder,Bread,Milk,Panner,Yougurt,Tea Powder,,
Tea Powder,Milk,Sweet,Yougurt,,,,,,
Sugar,Panner,Yougurt,,,,,,,
Sweet,Butter,Lassi,Yougurt,Cheese,,,,,
Panner,Butter,Lassi,Ghee,Coffee Powder,Cheese,Bread,Tea Powder,,
Lassi,Panner,Ghee,Bread,Yougurt,,,,,
Coffee Powder,Sweet,Sugar,Panner,Yougurt,Bread,Lassi,Milk,,
Tea Powder,Sweet,Sugar,Lassi,Bread,,,,,
Sugar,Panner,Sweet,Ghee,Milk,,,,,
Butter,Lassi,,,,,,,,
Bread,Ghee,Sweet,Tea Powder,Panner,Milk,Coffee Powder,,,
Sugar,Yougurt,Sweet,Panner,Coffee Powder,Lassi,Bread,,,
Sweet,Cheese,Lassi,Butter,Ghee,Bread,Panner,,,
Cheese,Milk,Ghee,Sweet,Tea Powder,Lassi,Panner,,,
Bread,Tea Powder,Sugar,Butter,Ghee,Sweet,,,,
Panner,Yougurt,Cheese,Tea Powder,Milk,Lassi,,,,
Cheese,Bread,Coffee Powder,,,,,,,
Milk,Sweet,Cheese,Ghee,Butter,Coffee Powder,Tea Powder,Yougurt,,
Panner,Tea Powder,Butter,Bread,Sugar,Lassi,Ghee,,,
Milk,Lassi,Tea Powder,Bread,Sweet,Yougurt,Butter,Panner,,
Bread,Yougurt,Sugar,Cheese,,,,,,
Ghee,Yougurt,Cheese,Bread,Lassi,,,,,
Tea Powder,Panner,Cheese,Coffee Powder,Sugar,,,,,
Ghee,Coffee Powder,Milk,Panner,Bread,Sugar,,,,
Sweet,Milk,Lassi,Bread,Panner,,,,,
Ghee,Bread,Tea Powder,Milk,Yougurt,Panner,Cheese,,,
Tea Powder,Bread,Sugar,Cheese,Yougurt,Lassi,,,,
Coffee Powder,Tea Powder,Sweet,Bread,Milk,Cheese,,,,
Milk,Bread,Butter,Sugar,,,,,,
Sugar,Lassi,Sweet,Milk,Cheese,Panner,Yougurt,Ghee,,
Coffee Powder,Butter,Panner,Cheese,Sweet,Tea Powder,Sugar,Ghee,,
Ghee,Coffee Powder,Tea Powder,Lassi,Panner,,,,,
Panner,Butter,Sugar,,,,,,,
Cheese,Sugar,Yougurt,Sweet,Bread,,,,,
Sugar,Cheese,Coffee Powder,Bread,Milk,Tea Powder,Panner,Butter,,
Sweet,Butter,,,,,,,,
Sweet,Butter,Sugar,Tea Powder,Panner,Yougurt,Cheese,,,
Yougurt,Milk,Tea Powder,,,,,,,
Milk,Coffee Powder,Bread,Yougurt,Cheese,Panner,,,,
Milk,Coffee Powder,Ghee,Yougurt,Cheese,,,,,
Butter,Lassi,Coffee Powder,Sugar,Sweet,,,,,
Tea Powder,Butter,,,,,,,,
Sweet,Butter,Panner,Cheese,,,,,,
Butter,Cheese,Tea Powder,Panner,Lassi,Sweet,Sugar,,,
Yougurt,Cheese,Ghee,Sweet,Sugar,Lassi,,,,
Cheese,Sweet,,,,,,,,
Bread,Cheese,Coffee Powder,Milk,Ghee,Lassi,Sweet,,,
Tea Powder,Sugar,Lassi,Yougurt,Coffee Powder,,,,,
Milk,Bread,Sugar,Panner,,,,,,
Yougurt,Coffee Powder,Butter,Panner,Sweet,Milk,Bread,,,
Cheese,Yougurt,Bread,Tea Powder,Coffee Powder,Sugar,Butter,Milk,,
Milk,Cheese,Yougurt,Bread,Panner,Coffee Powder,Lassi,,,
Milk,Panner,Lassi,Sugar,,,,,,
Coffee Powder,Butter,Tea Powder,Sweet,,,,,,
Ghee,Yougurt,Coffee Powder,Panner,Lassi,Butter,Tea Powder,,,
Cheese,Butter,Lassi,Ghee,Sugar,Panner,Sweet,,,
Coffee Powder,Butter,Sugar,Cheese,Tea Powder,Panner,Sweet,,,
Coffee Powder,Milk,Sweet,Bread,Tea Powder,Sugar,Lassi,,,
Yougurt,Tea Powder,Bread,,,,,,,
Panner,Milk,Coffee Powder,Bread,Sugar,,,,,
Sugar,Tea Powder,Sweet,Ghee,Yougurt,,,,,
Panner,Coffee Powder,Ghee,Yougurt,Cheese,Sweet,Butter,Tea Powder,,
Bread,Milk,Coffee Powder,Yougurt,Butter,Lassi,Tea Powder,Ghee,Panner,Sugar
Panner,Sugar,,,,,,,,
Butter,Milk,Tea Powder,Ghee,Yougurt,Cheese,Coffee Powder,Bread,,
Butter,Bread,Tea Powder,Coffee Powder,Sweet,Ghee,,,,
Bread,Sweet,Butter,Sugar,Lassi,,,,,
Sugar,Tea Powder,Butter,,,,,,,
Butter,Tea Powder,Lassi,Bread,Milk,Panner,Cheese,Yougurt,,
Panner,Butter,Sweet,Ghee,Coffee Powder,,,,,
Cheese,Sugar,Butter,Milk,Ghee,Lassi,Panner,,,
Sugar,Milk,Lassi,Yougurt,Ghee,Coffee Powder,Tea Powder,,,
Coffee Powder,Ghee,Lassi,Bread,Sugar,Milk,Sweet,Yougurt,,
Bread,Coffee Powder,Lassi,Tea Powder,Sweet,Ghee,,,,
Panner,Cheese,Yougurt,Tea Powder,Sugar,Ghee,,,,
Sweet,Ghee,Butter,Sugar,Lassi,Yougurt,Milk,Tea Powder,,
Sweet,Ghee,Tea Powder,Coffee Powder,Yougurt,Lassi,Butter,Panner,,
Sugar,Cheese,,,,,,,,
Yougurt,Coffee Powder,Sweet,Butter,Lassi,Bread,,,,
Tea Powder,Coffee Powder,Cheese,Lassi,,,,,,
Ghee,Lassi,Milk,Sugar,Butter,Bread,,,,
Cheese,Panner,Ghee,Coffee Powder,,,,,,
Milk,Tea Powder,Ghee,Sweet,Panner,Bread,,,,
Bread,Milk,Sugar,Yougurt,Ghee,Panner,Cheese,,,
Coffee Powder,Lassi,Milk,,,,,,,
Yougurt,Milk,Lassi,Sugar,Butter,Bread,,,,
Bread,Panner,Ghee,,,,,,,
Butter,Sugar,Panner,Coffee Powder,Yougurt,Tea Powder,Sweet,Cheese,,
Cheese,Sugar,Coffee Powder,Milk,Butter,Panner,Sweet,,,
Sugar,Yougurt,Cheese,Milk,Panner,Coffee Powder,Bread,,,
Sugar,Coffee Powder,Butter,Yougurt,,,,,,
Ghee,Cheese,Milk,Coffee Powder,Yougurt,Lassi,Bread,Sugar,,
Panner,Lassi,Bread,Tea Powder,Coffee Powder,Cheese,Milk,,,
Ghee,Yougurt,,,,,,,,
Bread,Lassi,,,,,,,,
Bread,Butter,Coffee Powder,,,,,,,
Ghee,Bread,Yougurt,Coffee Powder,Milk,Lassi,Sweet,Tea Powder,,
Sugar,Sweet,,,,,,,,
Cheese,Tea Powder,,,,,,,,
Milk,Sweet,Cheese,Butter,,,,,,
Yougurt,Tea Powder,Coffee Powder,Sweet,Lassi,Ghee,Panner,Milk,,
Tea Powder,Cheese,Panner,Coffee Powder,,,,,,
Sweet,Sugar,Ghee,Lassi,,,,,,
Panner,Cheese,Milk,Bread,,,,,,
Panner,Lassi,Ghee,Cheese,Butter,,,,,
Butter,Yougurt,Ghee,Cheese,Panner,,,,,
Tea Powder,Ghee,Yougurt,Sweet,,,,,,
Cheese,Panner,Bread,,,,,,,
Lassi,Ghee,,,,,,,,
Yougurt,Panner,Sugar,Sweet,Butter,Bread,Lassi,,,
Lassi,Coffee Powder,Sugar,,,,,,,
Butter,Milk,,,,,,,,
Panner,Lassi,Sweet,Bread,,,,,,
Sugar,Sweet,Butter,Coffee Powder,,,,,,
Bread,Sugar,Milk,,,,,,,
Lassi,Milk,Butter,Coffee Powder,Sugar,Bread,,,,
Tea Powder,Cheese,,,,,,,,
Butter,Milk,Cheese,Lassi,,,,,,
Milk,Ghee,Sweet,Lassi,Bread,Sugar,Panner,Yougurt,,
Cheese,Tea Powder,Milk,Lassi,Panner,Sugar,,,,
Butter,Panner,Bread,Coffee Powder,Sugar,Tea Powder,Cheese,Sweet,Lassi,
Tea Powder,Sugar,Panner,Cheese,Bread,Yougurt,Coffee Powder,,,
Milk,Ghee,Sugar,,,,,,,
Panner,Milk,Sugar,Cheese,Butter,Coffee Powder,Yougurt,,,
Butter,Milk,Sugar,Coffee Powder,Bread,,,,,
Sweet,Tea Powder,Sugar,Lassi,Yougurt,Milk,Cheese,,,
Bread,Tea Powder,Panner,Cheese,Lassi,Coffee Powder,Butter,Sugar,,
Tea Powder,Butter,Ghee,Coffee Powder,Cheese,Panner,,,,
Tea Powder,Butter,Sugar,,,,,,,
Sugar,Cheese,,,,,,,,
Cheese,Yougurt,Sugar,Sweet,Panner,Butter,Tea Powder,,,
Ghee,Cheese,Yougurt,,,,,,,
Cheese,Lassi,Sweet,Yougurt,Milk,,,,,
Sweet,Bread,Cheese,Milk,Panner,Tea Powder,Lassi,,,
Sugar,Ghee,Cheese,Milk,Butter,Lassi,Bread,,,
Panner,Cheese,Ghee,Butter,Lassi,Sweet,,,,
Milk,Panner,Tea Powder,Butter,Coffee Powder,Yougurt,Bread,Sweet,,
Milk,Tea Powder,Panner,Lassi,Cheese,Bread,Sugar,,,
Panner,Butter,Cheese,Sweet,Milk,Lassi,Tea Powder,,,
Sugar,Lassi,Panner,Cheese,Bread,Tea Powder,,,,
Cheese,Butter,Lassi,Bread,Sugar,,,,,
Coffee Powder,Milk,Bread,Sweet,Panner,,,,,
Sugar,Coffee Powder,Tea Powder,Ghee,,,,,,
Lassi,Tea Powder,Panner,Butter,Milk,Coffee Powder,Yougurt,,,
Panner,Milk,Ghee,Butter,Bread,Yougurt,,,,
Ghee,Sweet,,,,,,,,
Lassi,Panner,Coffee Powder,Sweet,Sugar,Tea Powder,,,,
Bread,Lassi,Panner,Cheese,Sweet,Coffee Powder,,,,
Coffee Powder,Cheese,Ghee,Yougurt,Tea Powder,Lassi,Milk,Sugar,,
Tea Powder,Sweet,Ghee,,,,,,,
Coffee Powder,Sweet,Yougurt,,,,,,,
Ghee,Tea Powder,Bread,Yougurt,Butter,Lassi,,,,
Ghee,Butter,Coffee Powder,Cheese,Yougurt,Tea Powder,,,,
Lassi,Cheese,Ghee,,,,,,,
Bread,Tea Powder,,,,,,,,
Coffee Powder,Tea Powder,Sugar,Sweet,Butter,,,,,
Panner,Tea Powder,Yougurt,Sweet,Sugar,Milk,,,,
Cheese,Panner,Bread,Ghee,Tea Powder,Milk,,,,
Sugar,Coffee Powder,Milk,Lassi,Sweet,Butter,Bread,Cheese,,
Milk,Butter,Sweet,,,,,,,
Sugar,Yougurt,Panner,Cheese,Butter,Ghee,,,,
Butter,Tea Powder,,,,,,,,
Sugar,Coffee Powder,Panner,Ghee,Tea Powder,Lassi,Bread,,,
Yougurt,Bread,,,,,,,,
Butter,Bread,Cheese,Lassi,Coffee Powder,Sweet,Ghee,,,
Milk,Yougurt,Sugar,Panner,Bread,Coffee Powder,,,,
Ghee,Panner,Sugar,Coffee Powder,Lassi,Milk,Sweet,Bread,,
Tea Powder,Ghee,,,,,,,,
Ghee,Tea Powder,Bread,Milk,Lassi,Cheese,Butter,Panner,Coffee Powder,
Cheese,Butter,Yougurt,,,,,,,
Lassi,Sugar,Milk,Cheese,Bread,Tea Powder,,,,
Tea Powder,Sweet,Sugar,Butter,Cheese,,,,,
Bread,Sweet,Butter,Coffee Powder,Ghee,,,,,
Cheese,Butter,Milk,Sweet,,,,,,
Sweet,Butter,Panner,Coffee Powder,Milk,Yougurt,Cheese,,,
Lassi,Sugar,Panner,,,,,,,
Coffee Powder,Tea Powder,Sweet,Butter,Lassi,Panner,,,,
Lassi,Butter,Bread,Sugar,Panner,Coffee Powder,Cheese,,,
Tea Powder,Ghee,Milk,,,,,,,
Butter,Yougurt,Coffee Powder,Bread,Cheese,Tea Powder,,,,
Sweet,Tea Powder,Milk,Sugar,Ghee,Coffee Powder,Yougurt,,,
Ghee,Bread,Milk,Sugar,Lassi,,,,,
Sweet,Milk,,,,,,,,
Panner,Sugar,Milk,Ghee,Butter,,,,,
Yougurt,Bread,Milk,Tea Powder,,,,,,
Sugar,Panner,,,,,,,,
Milk,Lassi,Butter,Yougurt,,,,,,
Tea Powder,Milk,Butter,,,,,,,
Yougurt,Panner,Tea Powder,Butter,Ghee,Bread,Lassi,,,
Sweet,Butter,Cheese,Sugar,Milk,Bread,Coffee Powder,,,
Sugar,Yougurt,Tea Powder,Cheese,Panner,Bread,,,,
Milk,Butter,Bread,Sugar,Yougurt,,,,,
Panner,Yougurt,Lassi,Ghee,Sugar,Bread,Sweet,Butter,,
Bread,Tea Powder,Coffee Powder,Ghee,Panner,,,,,
Panner,Coffee Powder,Lassi,Milk,Butter,Yougurt,,,,
Lassi,Cheese,Coffee Powder,Yougurt,,,,,,
Lassi,Ghee,Tea Powder,Butter,Bread,Coffee Powder,,,,
Yougurt,Lassi,Bread,Milk,Butter,Sweet,,,,
Milk,Butter,Tea Powder,Bread,Coffee Powder,Sweet,,,,
Milk,Lassi,,,,,,,,
Cheese,Tea Powder,Bread,Milk,Sugar,Coffee Powder,Sweet,,,
Bread,Milk,Butter,Yougurt,Cheese,Panner,,,,
Milk,Sugar,Coffee Powder,Yougurt,,,,,,
Lassi,Yougurt,Ghee,Cheese,Sweet,Butter,Coffee Powder,,,
Coffee Powder,Yougurt,Milk,,,,,,,
Sweet,Bread,,,,,,,,
Cheese,Tea Powder,Lassi,Coffee Powder,Sugar,Yougurt,Ghee,Panner,Sweet,Milk
Yougurt,Cheese,Sweet,Bread,,,,,,
Ghee,Sweet,Milk,Lassi,Coffee Powder,Panner,Tea Powder,Cheese,,
Bread,Tea Powder,Coffee Powder,Milk,Yougurt,Lassi,,,,
Yougurt,Sugar,Bread,,,,,,,
Panner,Milk,Bread,Lassi,Coffee Powder,Butter,Tea Powder,Yougurt,,
Tea Powder,Bread,Sugar,Coffee Powder,Milk,Sweet,,,,
Ghee,Cheese,Panner,Tea Powder,Sugar,Lassi,,,,
Coffee Powder,Ghee,Bread,Tea Powder,,,,,,
Butter,Panner,Cheese,Sugar,,,,,,
Cheese,Yougurt,Lassi,Coffee Powder,Ghee,,,,,
Milk,Panner,,,,,,,,
Milk,Sugar,Coffee Powder,Cheese,Butter,Tea Powder,Lassi,Ghee,,
Cheese,Butter,Bread,Sweet,Yougurt,Ghee,Panner,Milk,Coffee Powder,
Sweet,Panner,Milk,Coffee Powder,Butter,,,,,
Butter,Coffee Powder,Lassi,Cheese,Milk,Ghee,Sweet,,,
Bread,Yougurt,Coffee Powder,Butter,Panner,,,,,
Ghee,Tea Powder,Lassi,Sugar,Sweet,Coffee Powder,Panner,,,
Tea Powder,Sugar,Ghee,Sweet,Lassi,Cheese,,,,
Yougurt,Cheese,Tea Powder,,,,,,,
Butter,Sweet,Ghee,Yougurt,Cheese,,,,,
Panner,Lassi,Sugar,Cheese,Sweet,,,,,
Coffee Powder,Sweet,Lassi,Sugar,,,,,,
Lassi,Sugar,Coffee Powder,Milk,Butter,,,,,
Bread,Sweet,Sugar,Tea Powder,Butter,Lassi,Milk,Panner,,
Bread,Lassi,Tea Powder,Cheese,,,,,,
Bread,Butter,Cheese,Coffee Powder,Yougurt,Lassi,,,,
Yougurt,Butter,Panner,,,,,,,
Bread,Cheese,Tea Powder,Milk,Sugar,Yougurt,Lassi,,,
Sweet,Ghee,,,,,,,,
Lassi,Milk,Cheese,Sweet,Sugar,Ghee,Panner,,,
Bread,Butter,Cheese,Yougurt,Sweet,Lassi,Tea Powder,,,
Coffee Powder,Ghee,Cheese,Tea Powder,Butter,,,,,
Panner,Sugar,Sweet,Yougurt,Milk,Cheese,,,,
Ghee,Lassi,Sugar,Panner,Coffee Powder,,,,,
Tea Powder,Panner,Yougurt,,,,,,,
Milk,Coffee Powder,Tea Powder,Yougurt,Bread,,,,,
Milk,Bread,Butter,Panner,,,,,,
Milk,Cheese,,,,,,,,
Lassi,Sugar,Butter,Coffee Powder,Ghee,Milk,Sweet,,,
Milk,Panner,Sugar,Yougurt,Lassi,Coffee Powder,,,,
Ghee,Sugar,Tea Powder,Panner,Milk,Lassi,Coffee Powder,Yougurt,,
Butter,Tea Powder,Yougurt,Sugar,Lassi,,,,,
Tea Powder,Sweet,Cheese,Butter,Bread,Yougurt,,,,
Butter,Tea Powder,Panner,Sugar,Lassi,Sweet,Coffee Powder,Yougurt,,
Bread,Yougurt,Sugar,Sweet,Milk,Tea Powder,,,,
Milk,Tea Powder,Coffee Powder,Ghee,Butter,Bread,,,,
Sweet,Yougurt,Bread,,,,,,,
Yougurt,Butter,,,,,,,,
Ghee,Milk,Lassi,Bread,Coffee Powder,Sweet,,,,
Yougurt,Bread,Coffee Powder,Cheese,,,,,,
Sugar,Coffee Powder,Milk,Ghee,,,,,,
Panner,Ghee,Coffee Powder,Tea Powder,Butter,Yougurt,Milk,,,
Milk,Yougurt,Sugar,Tea Powder,Butter,Ghee,,,,
Yougurt,Coffee Powder,Panner,Bread,Lassi,,,,,
Sugar,Bread,Milk,Tea Powder,Butter,Sweet,Lassi,Yougurt,,
Sweet,Sugar,Milk,Butter,,,,,,
Coffee Powder,Cheese,Sweet,Lassi,Ghee,Bread,Yougurt,Milk,Panner,
Ghee,Sweet,Panner,Coffee Powder,,,,,,
Yougurt,Tea Powder,Bread,Coffee Powder,Butter,,,,,
Coffee Powder,Panner,Yougurt,Sweet,Lassi,Cheese,Milk,,,
Coffee Powder,Tea Powder,Sweet,Lassi,Milk,Yougurt,,,,
Butter,Milk,Cheese,Sugar,Panner,Tea Powder,,,,
Butter,Ghee,Tea Powder,Coffee Powder,Milk,Yougurt,Panner,Lassi,,
Butter,Coffee Powder,Sugar,Sweet,Panner,Milk,Lassi,Tea Powder,Bread,
Tea Powder,Coffee Powder,Yougurt,Bread,Butter,Sugar,Ghee,,,
Milk,Coffee Powder,Sweet,,,,,,,
Panner,Butter,Lassi,Milk,Yougurt,Tea Powder,Bread,Sweet,,
Milk,Panner,Coffee Powder,Cheese,Ghee,Butter,Bread,Lassi,,
Cheese,Butter,Ghee,,,,,,,
Bread,Lassi,Cheese,Yougurt,Tea Powder,Butter,,,,
Tea Powder,Coffee Powder,Sweet,Yougurt,,,,,,
Tea Powder,Sweet,Milk,,,,,,,
Panner,Coffee Powder,Sugar,Cheese,Milk,Butter,,,,
Milk,Sugar,Bread,Tea Powder,Lassi,Panner,Coffee Powder,Ghee,Sweet,
Tea Powder,Coffee Powder,Sugar,Bread,Cheese,,,,,
Lassi,Yougurt,,,,,,,,
Yougurt,Cheese,Tea Powder,Coffee Powder,Lassi,Sugar,,,,
Panner,Coffee Powder,Butter,Ghee,,,,,,
Tea Powder,Sweet,Sugar,Panner,Cheese,Yougurt,Ghee,,,
Yougurt,Cheese,Butter,Sugar,,,,,,
Sweet,Butter,Yougurt,Bread,Coffee Powder,Panner,,,,
Cheese,Lassi,Sweet,,,,,,,
Cheese,Sweet,Yougurt,Coffee Powder,Bread,,,,,
Ghee,Sugar,,,,,,,,
Sweet,Yougurt,Bread,Butter,,,,,,
Tea Powder,Bread,,,,,,,,
Tea Powder,Cheese,Sugar,Coffee Powder,Bread,Ghee,Yougurt,,,
Milk,Lassi,Sweet,Bread,Ghee,,,,,
Yougurt,Butter,Milk,Cheese,Sugar,Ghee,Bread,Coffee Powder,,
Cheese,Coffee Powder,Sweet,Bread,Butter,,,,,
Bread,Sweet,Coffee Powder,Ghee,Panner,Milk,,,,
Sweet,Bread,Tea Powder,Panner,Milk,Sugar,Coffee Powder,Lassi,,
Sugar,Tea Powder,Lassi,Butter,Sweet,Ghee,,,,
Butter,Panner,Milk,Yougurt,Sugar,Bread,Ghee,,,
Butter,Ghee,Lassi,Panner,Tea Powder,Milk,Bread,Sweet,,
Yougurt,Panner,Bread,Sweet,Tea Powder,Milk,,,,
Lassi,Milk,Bread,Cheese,Ghee,,,,,
Ghee,Yougurt,Bread,Cheese,Coffee Powder,Lassi,,,,
Tea Powder,Ghee,Lassi,Coffee Powder,Bread,,,,,
Tea Powder,Lassi,Butter,,,,,,,
Bread,Milk,Panner,Ghee,,,,,,
Sweet,Ghee,Coffee Powder,Bread,Panner,,,,,
Lassi,Sugar,,,,,,,,
Yougurt,Sweet,Bread,Tea Powder,Panner,Milk,Butter,,,
Tea Powder,Sugar,Coffee Powder,Sweet,,,,,,
Bread,Panner,,,,,,,,
Coffee Powder,Sweet,Sugar,Bread,Butter,,,,,
Milk,Lassi,Bread,Yougurt,Butter,Coffee Powder,,,,
Bread,Sweet,Lassi,Butter,Cheese,Sugar,Milk,,,
Cheese,Milk,Yougurt,Butter,Sugar,Lassi,Sweet,Bread,Panner,
Coffee Powder,Cheese,Bread,Sweet,Yougurt,,,,,
Bread,Sugar,Lassi,Ghee,,,,,,
Cheese,Coffee Powder,Sweet,Bread,Tea Powder,,,,,
Bread,Panner,Ghee,Tea Powder,Yougurt,Coffee Powder,Cheese,,,
Milk,Panner,,,,,,,,
Ghee,Cheese,Sugar,,,,,,,
Tea Powder,Sugar,Lassi,Butter,Panner,,,,,
Sugar,Butter,,,,,,,,
Milk,Sugar,Cheese,Yougurt,Butter,Lassi,Tea Powder,Sweet,,
Milk,Sweet,Tea Powder,Cheese,Panner,Yougurt,,,,
Lassi,Ghee,Milk,,,,,,,
Sugar,Tea Powder,Yougurt,Milk,Lassi,Cheese,Coffee Powder,,,
Cheese,Ghee,Sweet,Tea Powder,Bread,Butter,Milk,Panner,,
Tea Powder,Ghee,Coffee Powder,,,,,,,
Butter,Tea Powder,Coffee Powder,Sugar,Cheese,,,,,
Panner,Lassi,Milk,Ghee,Sugar,Butter,Bread,Sweet,,
Panner,Cheese,,,,,,,,
Coffee Powder,Cheese,Sweet,Bread,Yougurt,,,,,
Sweet,Yougurt,Milk,Sugar,Bread,Ghee,Panner,,,
Yougurt,Lassi,Butter,,,,,,,
Panner,Tea Powder,Bread,Coffee Powder,,,,,,
Butter,Cheese,Tea Powder,Lassi,Panner,,,,,
Bread,Cheese,Tea Powder,,,,,,,
Sweet,Milk,Butter,Lassi,,,,,,
Bread,Tea Powder,Ghee,Sugar,Panner,Yougurt,Coffee Powder,,,
Coffee Powder,Milk,Panner,Sugar,Tea Powder,Cheese,,,,
Yougurt,Sweet,Panner,Coffee Powder,Tea Powder,,,,,
Lassi,Sweet,Sugar,Milk,Ghee,Panner,,,,
Panner,Sweet,Tea Powder,,,,,,,
Bread,Sugar,Ghee,Yougurt,Tea Powder,Coffee Powder,,,,
Lassi,Ghee,Tea Powder,Sugar,Milk,Bread,Yougurt,Sweet,,
Lassi,Sugar,Butter,Yougurt,Tea Powder,,,,,
Bread,Panner,Milk,,,,,,,
Coffee Powder,Ghee,Bread,Tea Powder,Milk,Sugar,,,,
Coffee Powder,Yougurt,,,,,,,,
Ghee,Panner,,,,,,,,
Bread,Cheese,Sugar,Yougurt,Sweet,Lassi,Milk,,,
Sweet,Sugar,Coffee Powder,,,,,,,
Coffee Powder,Milk,Cheese,Bread,Lassi,Sugar,Panner,Tea Powder,Ghee,Butter
Milk,Yougurt,Cheese,Ghee,Tea Powder,,,,,
Bread,Cheese,Yougurt,Coffee Powder,Tea Powder,,,,,
Lassi,Coffee Powder,Tea Powder,Ghee,Sweet,,,,,
Ghee,Yougurt,Bread,Milk,Butter,,,,,
Tea Powder,Sweet,Yougurt,Panner,,,,,,
Bread,Ghee,Tea Powder,Sugar,Coffee Powder,Sweet,Cheese,,,
Lassi,Milk,Bread,Butter,Panner,,,,,
Sweet,Bread,Cheese,Butter,,,,,,
Sugar,Yougurt,Butter,Panner,Ghee,Sweet,,,,
Bread,Coffee Powder,Milk,,,,,,,
Bread,Milk,Yougurt,Tea Powder,,,,,,
Panner,Sugar,Tea Powder,Coffee Powder,Yougurt,,,,,
Sugar,Tea Powder,Lassi,Milk,Ghee,Yougurt,Sweet,Coffee Powder,,
Butter,Cheese,Bread,,,,,,,
Tea Powder,Panner,Yougurt,Coffee Powder,Cheese,,,,,
Milk,Bread,Sweet,Panner,Ghee,,,,,
Tea Powder,Lassi,Bread,Cheese,Sweet,Sugar,Butter,,,
Tea Powder,Yougurt,Sugar,Cheese,Milk,Butter,Panner,,,
Lassi,Butter,Yougurt,Sweet,Panner,Cheese,Tea Powder,Ghee,,
Sugar,Lassi,Panner,Yougurt,Butter,Ghee,,,,
Tea Powder,Cheese,Yougurt,Ghee,Milk,Panner,,,,
Tea Powder,Coffee Powder,Butter,Panner,Sugar,Ghee,,,,
Yougurt,Tea Powder,Bread,Coffee Powder,,,,,,
Milk,Cheese,,,,,,,,
Sweet,Sugar,Yougurt,Tea Powder,Cheese,Bread,,,,
Bread,Sweet,Sugar,Lassi,Coffee Powder,Milk,,,,
Butter,Sugar,Milk,Cheese,Tea Powder,Sweet,Bread,,,
Milk,Sugar,Sweet,Coffee Powder,Panner,Cheese,Yougurt,Lassi,,
Butter,Yougurt,Cheese,Panner,Sugar,Ghee,Lassi,Sweet,,
Sugar,Butter,Milk,Coffee Powder,Sweet,Bread,Yougurt,,,
Ghee,Sugar,Tea Powder,Lassi,Cheese,Milk,,,,
Butter,Panner,Tea Powder,Milk,,,,,,
Ghee,Milk,Bread,Sugar,Tea Powder,Cheese,Panner,,,
Yougurt,Panner,,,,,,,,
Cheese,Bread,Coffee Powder,,,,,,,
Butter,Yougurt,,,,,,,,
Panner,Sugar,Coffee Powder,,,,,,,
Sweet,Sugar,Lassi,Butter,Panner,Ghee,Tea Powder,Cheese,,
Sugar,Bread,Butter,Cheese,Lassi,Ghee,Sweet,,,
Yougurt,Cheese,Butter,,,,,,,
Ghee,Lassi,Sweet,Cheese,Panner,Coffee Powder,Yougurt,Butter,,
Lassi,Ghee,Sugar,Coffee Powder,,,,,,
Butter,Cheese,Yougurt,Sugar,Coffee Powder,,,,,
Bread,Lassi,Cheese,Milk,Butter,Sugar,Sweet,,,
Lassi,Panner,Cheese,Coffee Powder,Sweet,Yougurt,,,,
Coffee Powder,Cheese,Yougurt,Milk,,,,,,
Sweet,Tea Powder,,,,,,,,
Ghee,Panner,Sweet,Lassi,,,,,,
Cheese,Yougurt,Lassi,,,,,,,
Ghee,Bread,Tea Powder,,,,,,,
Yougurt,Panner,,,,,,,,
Butter,Coffee Powder,Sweet,Sugar,Cheese,,,,,
Lassi,Butter,Coffee Powder,Sweet,Sugar,Yougurt,Tea Powder,Bread,,
Yougurt,Tea Powder,Panner,Sugar,Ghee,,,,,
Panner,Milk,Sweet,Cheese,Lassi,,,,,
Panner,Yougurt,Sugar,Sweet,,,,,,
Bread,Tea Powder,Sugar,Sweet,Panner,,,,,
Tea Powder,Ghee,Coffee Powder,Yougurt,Lassi,Sweet,,,,
Panner,Yougurt,Coffee Powder,Sweet,Butter,Bread,Ghee,Sugar,,
Ghee,Sugar,Bread,Coffee Powder,Panner,Yougurt,Milk,Lassi,,
Ghee,Tea Powder,Panner,Lassi,Sugar,Sweet,,,,
Cheese,Sweet,Sugar,Coffee Powder,Tea Powder,Butter,Panner,Ghee,Yougurt,Lassi
Yougurt,Cheese,Sugar,Sweet,Panner,Coffee Powder,,,,
Milk,Bread,Yougurt,Coffee Powder,Cheese,,,,,
Sugar,Yougurt,Butter,Lassi,Sweet,,,,,
Sweet,Coffee Powder,Ghee,,,,,,,
Ghee,Sweet,Butter,Sugar,Panner,Bread,Milk,Yougurt,,
Coffee Powder,Milk,Ghee,Sugar,Butter,Sweet,Tea Powder,Panner,,
Cheese,Sugar,Yougurt,Lassi,Ghee,,,,,
Sweet,Panner,Milk,Yougurt,Sugar,Ghee,Lassi,Tea Powder,,
Ghee,Sugar,Butter,Panner,Bread,Coffee Powder,,,,
Butter,Lassi,,,,,,,,
Coffee Powder,Ghee,Tea Powder,Yougurt,Cheese,Butter,Lassi,Bread,,
Bread,Cheese,Coffee Powder,Panner,Yougurt,Ghee,Tea Powder,,,
Lassi,Yougurt,,,,,,,,
Tea Powder,Bread,Lassi,Ghee,Yougurt,Cheese,Butter,,,
Yougurt,Lassi,Butter,Bread,Coffee Powder,Milk,Tea Powder,,,
Bread,Ghee,Coffee Powder,Panner,Cheese,Butter,Tea Powder,Milk,Lassi,
Lassi,Ghee,Milk,Butter,Cheese,Tea Powder,,,,
Sugar,Ghee,Cheese,Coffee Powder,Lassi,Bread,Panner,,,
Cheese,Butter,Ghee,Yougurt,Sweet,,,,,
Coffee Powder,Lassi,Yougurt,Milk,Sugar,Bread,Cheese,,,
Coffee Powder,Sweet,Tea Powder,Bread,Yougurt,Lassi,,,,
Yougurt,Lassi,Cheese,Sugar,,,,,,
Ghee,Milk,Sugar,Lassi,Coffee Powder,Cheese,,,,
Tea Powder,Cheese,Panner,Sweet,Bread,,,,,
Sugar,Panner,Bread,Cheese,Coffee Powder,Milk,,,,
Tea Powder,Sweet,Ghee,Bread,Coffee Powder,Panner,Lassi,,,
Tea Powder,Cheese,Milk,,,,,,,
Bread,Yougurt,Ghee,Cheese,,,,,,
Sugar,Coffee Powder,Ghee,,,,,,,
Butter,Sugar,Milk,Sweet,,,,,,
Milk,Sugar,Cheese,Bread,Tea Powder,Lassi,Ghee,Panner,,
Sweet,Lassi,Yougurt,Ghee,Milk,,,,,
Tea Powder,Yougurt,Cheese,,,,,,,
Ghee,Butter,Milk,Sweet,Tea Powder,,,,,
Sweet,Panner,Cheese,Bread,,,,,,
Butter,Lassi,Milk,Coffee Powder,Panner,Sugar,,,,
Yougurt,Sweet,Tea Powder,Bread,Cheese,,,,,
Yougurt,Bread,,,,,,,,
Sugar,Ghee,,,,,,,,
Lassi,Coffee Powder,Ghee,Panner,Bread,Milk,Sugar,Tea Powder,,
Sugar,Ghee,Butter,Bread,Coffee Powder,,,,,
Milk,Ghee,,,,,,,,
Yougurt,Sugar,Tea Powder,Sweet,Milk,Cheese,,,,
Milk,Yougurt,Tea Powder,Panner,Sugar,Sweet,Lassi,Bread,Ghee,
Butter,Ghee,Lassi,Tea Powder,,,,,,
Bread,Ghee,Yougurt,,,,,,,
Sweet,Lassi,,,,,,,,
Cheese,Sweet,Bread,Butter,,,,,,
Coffee Powder,Sweet,Panner,Milk,Butter,Sugar,Bread,Lassi,Cheese,
Milk,Ghee,Yougurt,Coffee Powder,Bread,Lassi,Sweet,Cheese,Panner,
Sugar,Bread,Panner,Coffee Powder,Tea Powder,Lassi,,,,
Sugar,Panner,Butter,Ghee,Coffee Powder,,,,,
Cheese,Panner,Sweet,Ghee,Yougurt,Butter,,,,
Coffee Powder,Panner,Lassi,Tea Powder,,,,,,
Sugar,Lassi,Yougurt,Panner,Sweet,,,,,
Panner,Coffee Powder,Ghee,Sugar,Tea Powder,Lassi,,,,
Bread,Cheese,Ghee,Milk,Sugar,,,,,
Tea Powder,Yougurt,Panner,Sweet,Lassi,,,,,
Sugar,Sweet,Cheese,Yougurt,Panner,Milk,Tea Powder,,,
Sugar,Sweet,Coffee Powder,Bread,Tea Powder,Lassi,Butter,,,
Lassi,Milk,Cheese,Butter,Coffee Powder,Ghee,Tea Powder,,,
Bread,Milk,Lassi,,,,,,,
Coffee Powder,Bread,Cheese,Yougurt,Milk,Butter,Sweet,Panner,Lassi,
Yougurt,Lassi,Sugar,Panner,Coffee Powder,Milk,Sweet,,,
Sugar,Sweet,Coffee Powder,Milk,Tea Powder,Panner,,,,
Sweet,Milk,Cheese,Bread,Yougurt,Panner,,,,
Sugar,Sweet,Panner,Cheese,Bread,,,,,
Lassi,Bread,Yougurt,Milk,Coffee Powder,Panner,Sweet,Cheese,,
Butter,Cheese,Tea Powder,Coffee Powder,Yougurt,Sugar,,,,
Ghee,Milk,Sweet,Sugar,,,,,,
Cheese,Tea Powder,Butter,Ghee,Lassi,,,,,
Yougurt,Coffee Powder,Sweet,Tea Powder,Sugar,Lassi,Milk,Panner,Bread,
Sugar,Yougurt,Cheese,Coffee Powder,,,,,,
Lassi,Ghee,Butter,Bread,Yougurt,,,,,
Coffee Powder,Butter,Ghee,,,,,,,
Tea Powder,Cheese,Sweet,Ghee,Butter,Sugar,Milk,,,
Yougurt,Butter,Sugar,Coffee Powder,Ghee,,,,,
Sweet,Milk,Butter,Coffee Powder,Lassi,Sugar,Ghee,Yougurt,,
Coffee Powder,Tea Powder,Lassi,Butter,Panner,Ghee,,,,
Milk,Lassi,Tea Powder,,,,,,,
Yougurt,Coffee Powder,Panner,,,,,,,
Tea Powder,Milk,Lassi,Coffee Powder,Sweet,Cheese,Butter,,,
Tea Powder,Lassi,Sugar,,,,,,,
Butter,Coffee Powder,Bread,Lassi,Panner,Ghee,Sugar,,,
Butter,Lassi,,,,,,,,
Lassi,Tea Powder,Cheese,,,,,,,
Panner,Sugar,Tea Powder,Sweet,,,,,,
Butter,Tea Powder,Lassi,,,,,,,
Milk,Yougurt,Sweet,Tea Powder,Bread,Cheese,Coffee Powder,,,
Milk,Panner,Sugar,Cheese,,,,,,
Lassi,Milk,Tea Powder,,,,,,,
Lassi,Butter,Sweet,Ghee,,,,,,
Yougurt,Milk,Tea Powder,Sugar,Bread,Butter,Panner,Cheese,,
Ghee,Butter,Milk,,,,,,,
Panner,Yougurt,,,,,,,,
Butter,Panner,Cheese,Tea Powder,Yougurt,Coffee Powder,Sweet,Milk,,
Sweet,Tea Powder,,,,,,,,
Tea Powder,Ghee,Milk,Butter,Coffee Powder,,,,,
Ghee,Yougurt,Panner,Sweet,Sugar,Milk,Cheese,,,
Cheese,Yougurt,Sugar,Coffee Powder,Milk,Tea Powder,Bread,Sweet,,
Panner,Cheese,Tea Powder,Yougurt,,,,,,
Bread,Cheese,Butter,Sugar,,,,,,
Tea Powder,Sweet,Lassi,Ghee,Coffee Powder,,,,,
Lassi,Sweet,Cheese,Milk,,,,,,
Butter,Sweet,,,,,,,,
Yougurt,Lassi,Panner,Cheese,Sweet,Tea Powder,,,,
Sweet,Ghee,Butter,Sugar,Bread,Cheese,,,,
Sugar,Lassi,Sweet,,,,,,,
Butter,Yougurt,Bread,Coffee Powder,Lassi,,,,,
Cheese,Panner,Coffee Powder,Tea Powder,Yougurt,Bread,Lassi,,,
Panner,Butter,Yougurt,Lassi,Bread,Tea Powder,Coffee Powder,Milk,,
Tea Powder,Cheese,Yougurt,Panner,Sugar,Butter,Coffee Powder,Ghee,,
Milk,Sweet,Sugar,,,,,,,
Cheese,Yougurt,,,,,,,,
Panner,Cheese,Coffee Powder,,,,,,,
Yougurt,Sweet,Tea Powder,Milk,Lassi,Panner,Coffee Powder,,,
Bread,Lassi,Sugar,Sweet,Milk,Tea Powder,Yougurt,,,
Milk,Cheese,Sugar,Panner,,,,,,
Milk,Panner,Butter,Ghee,Bread,Yougurt,,,,
Bread,Milk,Coffee Powder,Sweet,Ghee,Sugar,Lassi,,,
Bread,Yougurt,Coffee Powder,Ghee,,,,,,
Milk,Yougurt,Sweet,Panner,Ghee,Butter,Lassi,,,
Milk,Bread,Butter,Sugar,Lassi,Ghee,Panner,Tea Powder,,
Milk,Cheese,Butter,Sugar,Panner,Ghee,,,,
Tea Powder,Coffee Powder,Butter,Cheese,,,,,,
Cheese,Sweet,Milk,,,,,,,
Bread,Sugar,Yougurt,Butter,Panner,Milk,Lassi,Coffee Powder,Sweet,
Panner,Cheese,Milk,,,,,,,
Lassi,Bread,Ghee,Coffee Powder,Butter,,,,,
Cheese,Lassi,Sugar,Yougurt,Tea Powder,Panner,,,,
Butter,Milk,,,,,,,,
Yougurt,Sweet,Ghee,Sugar,,,,,,
Tea Powder,Bread,Sugar,Butter,Milk,Yougurt,,,,
Cheese,Tea Powder,Sugar,Coffee Powder,Milk,Butter,Lassi,,,
Milk,Bread,Sweet,Tea Powder,Yougurt,Sugar,Lassi,,,
Cheese,Bread,Lassi,Sweet,,,,,,
Tea Powder,Coffee Powder,Sugar,Butter,Sweet,,,,,
Ghee,Cheese,,,,,,,,
Ghee,Tea Powder,Bread,Panner,Coffee Powder,,,,,
Sugar,Tea Powder,,,,,,,,
Lassi,Yougurt,,,,,,,,
Panner,Sweet,,,,,,,,
Yougurt,Sugar,Butter,Tea Powder,Sweet,Milk,Bread,,,
Butter,Tea Powder,Sugar,Cheese,Ghee,Panner,Yougurt,,,
Coffee Powder,Cheese,Yougurt,Tea Powder,,,,,,
Coffee Powder,Milk,Panner,Sweet,,,,,,
Panner,Sugar,Sweet,Lassi,Yougurt,Tea Powder,Milk,,,
Panner,Sugar,Ghee,Tea Powder,Lassi,Sweet,,,,
Cheese,Coffee Powder,Milk,Sugar,Butter,Lassi,Panner,,,
Lassi,Coffee Powder,Panner,Butter,Sweet,Milk,Bread,,,
Lassi,Sweet,Bread,Sugar,Yougurt,Tea Powder,,,,
Cheese,Sweet,Panner,Butter,Sugar,Tea Powder,Bread,Lassi,,
Butter,Ghee,,,,,,,,
Tea Powder,Cheese,Sweet,Lassi,Panner,Yougurt,Milk,Bread,,
Panner,Coffee Powder,Sweet,,,,,,,
Milk,Yougurt,Sugar,Tea Powder,Bread,,,,,
Tea Powder,Ghee,,,,,,,,
Butter,Coffee Powder,Milk,,,,,,,
Cheese,Coffee Powder,Tea Powder,Lassi,Yougurt,Panner,Sweet,Ghee,,
Tea Powder,Cheese,Sugar,,,,,,,
Butter,Bread,Lassi,Milk,Panner,Coffee Powder,Ghee,Sugar,,
Cheese,Sugar,Bread,Panner,,,,,,
Lassi,Sugar,Coffee Powder,Bread,Panner,Cheese,Milk,Ghee,Butter,
Ghee,Lassi,Sugar,Milk,Coffee Powder,Butter,Cheese,Bread,Yougurt,
Cheese,Sweet,Sugar,Panner,Butter,,,,,
Yougurt,Sugar,Tea Powder,,,,,,,
Butter,Lassi,Tea Powder,Yougurt,Sweet,Milk,Ghee,,,
Coffee Powder,Lassi,Ghee,Butter,Sweet,Yougurt,Tea Powder,,,
Ghee,Tea Powder,Sugar,Cheese,Butter,Coffee Powder,Sweet,Panner,,
Bread,Coffee Powder,Sweet,Sugar,Lassi,Butter,Ghee,Tea Powder,,
Ghee,Panner,Yougurt,,,,,,,
Coffee Powder,Yougurt,Panner,Butter,Sugar,,,,,
Bread,Yougurt,Panner,Tea Powder,Sugar,,,,,
Sugar,Butter,Panner,Yougurt,Tea Powder,,,,,
Cheese,Yougurt,Coffee Powder,Bread,Butter,Ghee,Panner,,,
Cheese,Panner,,,,,,,,
Sugar,Sweet,Bread,Yougurt,Milk,Butter,Lassi,,,
Butter,Ghee,,,,,,,,
Sweet,Tea Powder,Milk,Butter,,,,,,
Cheese,Lassi,Butter,Coffee Powder,Tea Powder,Sugar,Sweet,Bread,,
Tea Powder,Cheese,Yougurt,Ghee,,,,,,
Sugar,Tea Powder,Panner,Cheese,,,,,,
Coffee Powder,Milk,Sugar,Tea Powder,Lassi,Cheese,Bread,,,
Sweet,Panner,Yougurt,Bread,Coffee Powder,Cheese,Lassi,,,
Tea Powder,Bread,Cheese,Sugar,Butter,,,,,
Milk,Sweet,Lassi,,,,,,,
Yougurt,Sugar,Milk,,,,,,,
Yougurt,Bread,Milk,Cheese,,,,,,
Butter,Lassi,Bread,Tea Powder,Cheese,Ghee,Coffee Powder,,,
Bread,Cheese,Milk,Tea Powder,Ghee,,,,,
Sugar,Lassi,Cheese,Ghee,,,,,,
Coffee Powder,Bread,Panner,Cheese,Yougurt,,,,,
Yougurt,Sweet,Milk,,,,,,,
Sugar,Yougurt,Ghee,Tea Powder,Coffee Powder,Lassi,Butter,Bread,,
Bread,Sugar,Sweet,Ghee,Coffee Powder,Butter,Lassi,,,
Lassi,Tea Powder,Sweet,Bread,Yougurt,Cheese,,,,
Cheese,Sweet,Bread,Yougurt,Tea Powder,,,,,
Milk,Butter,Cheese,Sweet,Tea Powder,,,,,
Sugar,Bread,Panner,Lassi,Cheese,Ghee,Butter,Coffee Powder,,
Coffee Powder,Sweet,Panner,Milk,Ghee,Sugar,Tea Powder,,,
Cheese,Bread,Tea Powder,Ghee,Sweet,,,,,
Coffee Powder,Cheese,Bread,Sugar,Tea Powder,Milk,Lassi,Panner,,
Yougurt,Butter,Panner,Tea Powder,,,,,,
Cheese,Milk,Tea Powder,Bread,Ghee,,,,,
Butter,Bread,Sweet,Milk,,,,,,
Sweet,Sugar,Milk,Yougurt,,,,,,
Coffee Powder,Bread,Butter,Sweet,,,,,,
Ghee,Coffee Powder,,,,,,,,
Tea Powder,Cheese,Bread,Sweet,Ghee,,,,,
Cheese,Lassi,Tea Powder,Sweet,Coffee Powder,Sugar,Ghee,,,
Ghee,Tea Powder,Bread,Butter,Panner,Lassi,Milk,,,
Milk,Bread,Tea Powder,Panner,Sugar,,,,,
Panner,Cheese,,,,,,,,
Panner,Butter,Cheese,Coffee Powder,Tea Powder,Lassi,Yougurt,Bread,Ghee,
Tea Powder,Sweet,Bread,Cheese,,,,,,
Coffee Powder,Cheese,Ghee,,,,,,,
Lassi,Panner,Bread,Sweet,Tea Powder,Coffee Powder,Sugar,,,
Butter,Ghee,Sugar,Tea Powder,Cheese,,,,,
Sugar,Sweet,Coffee Powder,Lassi,,,,,,
Coffee Powder,Sugar,Milk,Yougurt,Tea Powder,Cheese,,,,
Panner,Sweet,Sugar,Coffee Powder,Lassi,Tea Powder,,,,
Ghee,Tea Powder,Butter,Sweet,Panner,Lassi,Sugar,Milk,Cheese,
Bread,Panner,Tea Powder,Sweet,Cheese,Coffee Powder,Yougurt,,,
Ghee,Lassi,Yougurt,Bread,Tea Powder,Sweet,Cheese,,,
Cheese,Lassi,Bread,Panner,Coffee Powder,,,,,
Coffee Powder,Ghee,Tea Powder,Milk,Sweet,Sugar,,,,
Tea Powder,Sugar,Butter,,,,,,,
Sugar,Bread,Ghee,Butter,Yougurt,,,,,
Cheese,Sweet,Bread,Yougurt,Tea Powder,Panner,Milk,Sugar,,
Yougurt,Butter,Bread,Milk,Panner,Cheese,,,,
Milk,Sugar,Bread,Butter,Coffee Powder,Tea Powder,,,,
Bread,Yougurt,Sugar,Sweet,Panner,,,,,
Butter,Bread,Tea Powder,,,,,,,
Tea Powder,Milk,Yougurt,Cheese,Bread,Sugar,Sweet,,,
Sugar,Yougurt,,,,,,,,
Bread,Ghee,Tea Powder,Sugar,Cheese,Coffee Powder,,,,
Cheese,Panner,Tea Powder,Bread,Butter,,,,,
Sweet,Coffee Powder,Ghee,Sugar,,,,,,
Cheese,Bread,Panner,,,,,,,
Yougurt,Ghee,Panner,Sugar,Bread,Milk,,,,
Butter,Tea Powder,,,,,,,,
Milk,Sweet,Butter,Cheese,Bread,Sugar,Lassi,,,
Bread,Lassi,Tea Powder,Milk,Yougurt,Sugar,Butter,,,
Panner,Sugar,Ghee,Butter,Lassi,Tea Powder,Yougurt,Coffee Powder,,
Milk,Cheese,Butter,Ghee,,,,,,
Sugar,Yougurt,,,,,,,,
Bread,Yougurt,Sugar,Lassi,Coffee Powder,Butter,Milk,Cheese,,
Panner,Butter,Ghee,Sweet,Lassi,,,,,
Bread,Tea Powder,Milk,Ghee,Panner,Cheese,Butter,,,
Lassi,Tea Powder,,,,,,,,
Panner,Yougurt,Cheese,Tea Powder,Bread,,,,,
Coffee Powder,Butter,Sugar,Lassi,Sweet,,,,,
Coffee Powder,Yougurt,Milk,Cheese,Ghee,,,,,
Yougurt,Butter,Coffee Powder,Bread,,,,,,
Milk,Bread,Lassi,,,,,,,
Butter,Lassi,Cheese,Coffee Powder,Panner,Sweet,Milk,,,
Lassi,Ghee,Sweet,,,,,,,
Coffee Powder,Bread,Cheese,Sweet,,,,,,
Bread,Yougurt,Panner,,,,,,,
Panner,Coffee Powder,Bread,Cheese,Butter,,,,,
Panner,Sugar,Yougurt,Bread,,,,,,
Milk,Coffee Powder,Bread,Sweet,Ghee,Cheese,,,,
Bread,Panner,Sugar,Coffee Powder,Milk,Butter,,,,
Bread,Sweet,Butter,Milk,Panner,Ghee,Lassi,,,
Bread,Coffee Powder,Milk,,,,,,,
Ghee,Cheese,Milk,,,,,,,
Yougurt,Cheese,Sugar,Lassi,Coffee Powder,,,,,
Ghee,Cheese,Coffee Powder,Panner,Lassi,Bread,,,,
Cheese,Yougurt,Butter,Coffee Powder,Ghee,,,,,
Tea Powder,Yougurt,Cheese,Sweet,,,,,,
Yougurt,Milk,Sweet,,,,,,,
Coffee Powder,Ghee,Sweet,Bread,Lassi,,,,,
Coffee Powder,Ghee,,,,,,,,
Yougurt,Tea Powder,Milk,Sweet,Bread,Butter,,,,
Sugar,Tea Powder,Lassi,Cheese,Bread,Butter,Sweet,Ghee,Milk,
Coffee Powder,Sweet,Sugar,Butter,Ghee,Lassi,,,,
Panner,Ghee,Coffee Powder,Yougurt,Butter,Lassi,Bread,,,
Ghee,Sweet,Tea Powder,Cheese,,,,,,
Coffee Powder,Panner,Sweet,Sugar,Ghee,,,,,
Coffee Powder,Milk,Tea Powder,Lassi,Sugar,Ghee,,,,
Sweet,Milk,Bread,Butter,Cheese,,,,,
Cheese,Ghee,Butter,Yougurt,Tea Powder,Coffee Powder,Sweet,Sugar,,
Cheese,Bread,Butter,Milk,Ghee,Sweet,Panner,Coffee Powder,,
Ghee,Tea Powder,Yougurt,Milk,Coffee Powder,Cheese,,,,
Ghee,Sweet,Bread,Cheese,Tea Powder,Lassi,Yougurt,Butter,,
Milk,Panner,Tea Powder,Bread,,,,,,
Coffee Powder,Yougurt,Sugar,Lassi,Ghee,,,,,
Sweet,Coffee Powder,Panner,,,,,,,
Sweet,Lassi,Yougurt,Coffee Powder,Milk,Cheese,Bread,,,
Sugar,Ghee,Lassi,Milk,Bread,,,,,
Tea Powder,Bread,Coffee Powder,Milk,Panner,Yougurt,Lassi,Butter,,
Sugar,Milk,Bread,Ghee,,,,,,
Sweet,Tea Powder,Butter,Coffee Powder,Ghee,Milk,Sugar,,,
Cheese,Sweet,Sugar,Lassi,,,,,,
Milk,Lassi,Sweet,Ghee,Yougurt,Coffee Powder,Sugar,Panner,Butter,
Milk,Butter,Lassi,,,,,,,
Butter,Coffee Powder,Cheese,Sugar,,,,,,
Cheese,Sweet,Bread,Lassi,,,,,,
Sugar,Tea Powder,Butter,Yougurt,Panner,,,,,
Bread,Cheese,Sweet,Butter,Coffee Powder,Yougurt,Milk,Ghee,Panner,
Sugar,Cheese,Lassi,Panner,Butter,Bread,Coffee Powder,,,
Lassi,Bread,Ghee,Sweet,Coffee Powder,,,,,
Panner,Sugar,Tea Powder,Milk,Lassi,Yougurt,,,,
Butter,Lassi,Milk,Ghee,,,,,,
Bread,Coffee Powder,Panner,Milk,Tea Powder,Ghee,Sweet,Lassi,,
Butter,Bread,,,,,,,,
Tea Powder,Lassi,Sweet,Panner,,,,,,
Panner,Ghee,Sweet,Yougurt,Tea Powder,,,,,
Butter,Lassi,Sweet,Panner,Bread,,,,,
Tea Powder,Sugar,Cheese,Lassi,Butter,,,,,
Panner,Milk,Ghee,Sweet,Coffee Powder,Tea Powder,,,,
Sweet,Tea Powder,Lassi,Butter,,,,,,
Butter,Sugar,Milk,Bread,Lassi,Panner,Coffee Powder,,,
Sugar,Milk,Yougurt,Tea Powder,Coffee Powder,Bread,Ghee,,,
Milk,Yougurt,Panner,Lassi,,,,,,
Bread,Cheese,Lassi,Sweet,Milk,Coffee Powder,Butter,Tea Powder,Sugar,
Lassi,Sugar,Ghee,Bread,Panner,,,,,
Yougurt,Panner,,,,,,,,
Ghee,Cheese,Tea Powder,Milk,Lassi,Butter,Sugar,,,
Lassi,Sweet,Coffee Powder,Cheese,Sugar,Bread,Milk,,,
Panner,Ghee,Tea Powder,Cheese,,,,,,
Sugar,Tea Powder,Milk,Cheese,Bread,Ghee,Panner,,,
Bread,Ghee,Coffee Powder,,,,,,,
Milk,Lassi,Bread,Sugar,Panner,,,,,
Cheese,Butter,,,,,,,,
Sweet,Cheese,Ghee,,,,,,,
Yougurt,Panner,Cheese,Lassi,Tea Powder,Sweet,,,,
Bread,Sugar,Ghee,Milk,Cheese,Butter,Tea Powder,,,
Sweet,Lassi,Butter,Tea Powder,Ghee,Sugar,Milk,Cheese,,
Lassi,Yougurt,Butter,Cheese,Sweet,Panner,,,,
Sugar,Yougurt,Bread,Butter,Cheese,Ghee,,,,
Lassi,Milk,Yougurt,Tea Powder,Cheese,Sweet,,,,
Cheese,Yougurt,Coffee Powder,Panner,Butter,Sweet,,,,
Milk,Bread,Panner,,,,,,,
Butter,Panner,,,,,,,,
Tea Powder,Cheese,Ghee,Milk,,,,,,
Panner,Bread,Ghee,Sweet,Yougurt,Cheese,,,,
Sweet,Butter,Panner,,,,,,,
Ghee,Sweet,Yougurt,Coffee Powder,Panner,Milk,Cheese,,,
Cheese,Sweet,Tea Powder,Sugar,Ghee,,,,,
Milk,Bread,Cheese,Sweet,Panner,Tea Powder,,,,
Sweet,Bread,Yougurt,Tea Powder,Coffee Powder,,,,,
Lassi,Panner,Tea Powder,,,,,,,
Sweet,Lassi,Ghee,Sugar,,,,,,
Sweet,Panner,Bread,Coffee Powder,Butter,Ghee,,,,
Tea Powder,Sugar,Cheese,Panner,Bread,Butter,,,,
Milk,Tea Powder,Ghee,Coffee Powder,,,,,,
Panner,Butter,Tea Powder,Bread,Cheese,,,,,
Ghee,Milk,Coffee Powder,Butter,Tea Powder,,,,,
Lassi,Bread,Yougurt,Sugar,Butter,Tea Powder,Panner,Ghee,,
Sweet,Tea Powder,Coffee Powder,Panner,Butter,Cheese,,,,
Ghee,Yougurt,,,,,,,,
Coffee Powder,Bread,Panner,Sweet,Sugar,Milk,Tea Powder,Lassi,Ghee,
Bread,Milk,,,,,,,,
Butter,Yougurt,Sweet,Sugar,Bread,Ghee,Coffee Powder,,,
Lassi,Ghee,Coffee Powder,,,,,,,
Butter,Yougurt,Bread,,,,,,,
Yougurt,Panner,Sugar,Cheese,Milk,Butter,,,,
Bread,Coffee Powder,Sweet,Cheese,,,,,,
Tea Powder,Butter,Sweet,Lassi,Bread,Yougurt,Ghee,Milk,,
Panner,Yougurt,Cheese,,,,,,,
Tea Powder,Ghee,Panner,Sweet,Butter,Coffee Powder,Cheese,Milk,,
Sweet,Yougurt,Bread,,,,,,,
Coffee Powder,Sweet,,,,,,,,
Tea Powder,Coffee Powder,Milk,,,,,,,
Butter,Ghee,,,,,,,,
Lassi,Milk,,,,,,,,
Coffee Powder,Panner,Sweet,,,,,,,
Tea Powder,Bread,Butter,Sugar,Ghee,Sweet,Milk,,,
Butter,Sugar,Bread,Panner,Cheese,,,,,
Bread,Sugar,Yougurt,Coffee Powder,Cheese,Ghee,Sweet,,,
Bread,Sweet,Ghee,Butter,Lassi,Coffee Powder,Panner,,,
Milk,Cheese,Yougurt,Coffee Powder,Butter,,,,,
Milk,Sweet,,,,,,,,
Tea Powder,Milk,Panner,Bread,Coffee Powder,,,,,
Sugar,Lassi,Bread,Coffee Powder,Sweet,Ghee,,,,
Butter,Sugar,Ghee,Sweet,Cheese,Panner,,,,
Coffee Powder,Lassi,Butter,Ghee,Sugar,,,,,
Tea Powder,Yougurt,Bread,Lassi,Sweet,Cheese,Milk,Butter,,
Ghee,Sugar,,,,,,,,
Panner,Ghee,,,,,,,,
Tea Powder,Yougurt,Cheese,Sweet,Butter,Bread,,,,
Cheese,Sugar,Ghee,,,,,,,
Bread,Cheese,Coffee Powder,Milk,Panner,Ghee,,,,
Bread,Lassi,Coffee Powder,Milk,Ghee,Sugar,Sweet,,,
Butter,Bread,Sugar,Panner,Milk,Coffee Powder,,,,
Milk,Cheese,Sugar,Bread,Coffee Powder,Lassi,,,,
Butter,Sugar,Panner,Milk,,,,,,
Cheese,Sugar,Lassi,Tea Powder,,,,,,
Sweet,Panner,Lassi,Butter,Coffee Powder,Sugar,,,,
Butter,Sugar,,,,,,,,
Sugar,Lassi,,,,,,,,
Sugar,Sweet,,,,,,,,
Sugar,Coffee Powder,,,,,,,,
Yougurt,Bread,Butter,Lassi,Coffee Powder,,,,,
Yougurt,Panner,Cheese,Sweet,Ghee,Bread,Butter,,,
Cheese,Panner,Tea Powder,Milk,Bread,Sweet,Sugar,,,
Sugar,Milk,,,,,,,,
Tea Powder,Sugar,Milk,,,,,,,
Butter,Coffee Powder,Cheese,Tea Powder,Bread,Sweet,Ghee,Yougurt,,
Sugar,Butter,Panner,Milk,Bread,,,,,
Butter,Bread,Lassi,Yougurt,Ghee,,,,,
Yougurt,Tea Powder,Butter,,,,,,,
Tea Powder,Panner,Yougurt,Lassi,Butter,Coffee Powder,Sugar,,,
Panner,Milk,Sweet,Yougurt,,,,,,
Milk,Ghee,Bread,Sugar,,,,,,
Tea Powder,Lassi,Butter,Milk,Panner,Coffee Powder,Bread,,,